"names","newnames","batch","mutation","mut.subtype","PDL1.group"
"JRpre","CM138","1","BRAF(V600E)","BRAF","Inducible"
"JLpre","CM150.post","1","BRAF(V600E)","BRAF","Inducible"
"EHpre","CM145.pre","1","BRAF(V600E)","BRAF","Inducible"
"EHpost","CM145.post","1","BRAF(V600E)","BRAF","Inducible"
"NZM22","NZM22","2","WT","WT","Inducible"
"NZM42","NZM42","2","NRAS(Q61K)","NRAS","Inducible"
"NZM12","NZM12","2","BRAF(V600E)","BRAF","Inducible"
"NZM15","NZM15","2","NRAS(Q61K)","NRAS","Inducible"
"WM115","WM115","3","BRAF(V600D)","BRAF","Inducible"
"WM2664","WM2664","3","BRAF(V600D)","BRAF","Inducible"
"SKmel28","SKMel28","2","BRAF(V600E)","BRAF","Intermediate"
"JRpost","CM142.post","1","BRAF(V600E)","BRAF","Intermediate"
"MelRMu","MelRMu","1","BRAF(V600E)","BRAF","Intermediate"
"MelST","MelST","2","NRAS(G12V)","NRAS","Intermediate"
"HS688AT","Hs688AT","4","WT","WT","Intermediate"
"NZM11","NZM11","2","BRAF(V600E)","BRAF","Intermediate"
"KDpre","CM143.pre","1","BRAF(V600E)","BRAF","Constitutive"
"KDpost","CM143.post","1","BRAF(V600E)","BRAF","Constitutive"
"NZM9","NZM9","2","WT","WT","Constitutive"
"NZM40","NZM40","2","NRAS(Q61H)","NRAS","Constitutive"
"COLO239F","COLO239F","4","BRAF(V600E)","BRAF","Constitutive"
"MM127","MM127","4","NRAS(G13R)","NRAS","Constitutive"
"MM595","MM595","4","BRAF(V600E)","BRAF","Constitutive"
